mae,median_ae
0.4291964285714286,0.34761904761904727
