mae,median_ae
0.4313095238095238,0.34761904761904727
