mae,median_ae
0.43098214285714287,0.352380952380952
